code,name,weight
600007,股票8,0.100000
600003,股票4,0.100000
600005,股票6,0.100000
600012,股票13,0.100000
600009,股票10,0.100000
600013,股票14,0.100000
600004,股票5,0.100000
600011,股票12,0.100000
600000,股票1,0.100000
600008,股票9,0.100000
